iso_a2,region_wb,IUCNCount,OnlineRecords,AcademicStudies,InternetUsers
AW,Latin America & Caribbean,1,0,0,102470
AF,South Asia,6,0,0,7170891
AO,Sub-Saharan Africa,8,0,0,12034256
AI,Latin America & Caribbean,0,0,0,NA
AX,Europe & Central Asia,0,0,0,NA
AL,Europe & Central Asia,5,0,0,2071012
AD,Europe & Central Asia,5,0,0,67625
AE,Middle East & North Africa,1,0,0,9287286
AR,Latin America & Caribbean,1,0,0,38505807
AM,Europe & Central Asia,4,0,0,2146572
AS,East Asia & Pacific,3,0,5,0
TF,Sub-Saharan Africa,0,0,0,NA
AG,Latin America & Caribbean,0,0,0,66120
AU,East Asia & Pacific,9,69,11,23000366
AT,Europe & Central Asia,3,0,0,7796929
AZ,Europe & Central Asia,4,0,0,8701069
BI,Sub-Saharan Africa,5,0,0,1148701
BE,Europe & Central Asia,2,0,0,10582024
BJ,Sub-Saharan Africa,8,1,1,3261925
BF,Sub-Saharan Africa,8,1,1,4734979
BD,South Asia,11,5,6,41520393
BG,Europe & Central Asia,5,0,0,4896594
BH,Middle East & North Africa,0,1,0,1472602
BS,Latin America & Caribbean,0,0,0,353636
BA,Europe & Central Asia,5,0,0,2429408
BL,Latin America & Caribbean,0,0,0,NA
BY,Europe & Central Asia,1,0,0,8197353
BZ,Latin America & Caribbean,0,0,1,197664
BM,North America,0,0,0,62263
BO,Latin America & Caribbean,1,1,12,7154552
BR,Latin America & Caribbean,4,0,5,173419624
BB,Latin America & Caribbean,0,0,0,228275
BN,East Asia & Pacific,10,0,0,419649
BT,South Asia,8,0,0,413294
BW,Sub-Saharan Africa,3,0,0,1629699
CF,Sub-Saharan Africa,8,3,0,555674
CA,North America,2,21,2,36740677
CH,Europe & Central Asia,5,0,0,8137569
CL,Latin America & Caribbean,0,0,0,17042181
CN,East Asia & Pacific,22,10,13,1003218650
CI,Sub-Saharan Africa,11,7,2,9488671
CM,Sub-Saharan Africa,12,6,22,10013632
CD,Sub-Saharan Africa,14,12,17,12628031
CG,Sub-Saharan Africa,9,7,4,459518
CK,East Asia & Pacific,1,2,2,NA
CO,Latin America & Caribbean,3,0,1,35544505
KM,Sub-Saharan Africa,1,0,5,64576
CV,Sub-Saharan Africa,0,0,0,375807
CR,Latin America & Caribbean,1,1,2,4125648
CU,Latin America & Caribbean,1,2,1,8362514
CW,Latin America & Caribbean,1,0,0,116867
KY,Latin America & Caribbean,0,0,0,51560
CY,Europe & Central Asia,6,2,2,1123710
CZ,Europe & Central Asia,4,0,0,8565759
DE,Europe & Central Asia,3,0,1,74840220
DJ,Middle East & North Africa,2,0,0,643196
DM,Latin America & Caribbean,0,0,0,49028
DK,Europe & Central Asia,1,0,0,5624604
DO,Latin America & Caribbean,0,0,0,8458745
DZ,Middle East & North Africa,4,1,0,27331100
EC,Latin America & Caribbean,2,0,1,11362233
EG,Middle East & North Africa,1,2,0,77282687
ER,Sub-Saharan Africa,3,0,0,44463
EH,Middle East & North Africa,0,0,0,NA
ES,Europe & Central Asia,7,1,0,44145745
EE,Europe & Central Asia,1,0,0,1183985
ET,Sub-Saharan Africa,9,0,1,28125821
FI,Europe & Central Asia,0,0,0,5096511
FJ,East Asia & Pacific,5,11,5,633192
FK,Latin America & Caribbean,0,0,0,NA
FR,Europe & Central Asia,9,2,1,54679086
FO,Europe & Central Asia,0,0,0,49044
FM,East Asia & Pacific,4,1,16,38990
GA,Sub-Saharan Africa,9,2,1,1421401
GB,Europe & Central Asia,0,12,4,63584584
GE,Europe & Central Asia,5,0,0,2731476
GG,Europe & Central Asia,0,0,0,NA
GH,Sub-Saharan Africa,11,24,45,18664633
GN,Sub-Saharan Africa,15,3,11,3433341
GM,Sub-Saharan Africa,6,0,0,939512
GW,Sub-Saharan Africa,6,0,0,461627
GQ,Sub-Saharan Africa,9,0,3,380664
GR,Europe & Central Asia,5,0,0,8211719
GD,Latin America & Caribbean,0,1,0,70369
GL,Europe & Central Asia,0,0,0,38876
GT,Latin America & Caribbean,2,0,0,8676149
GU,East Asia & Pacific,2,6,5,135748
GY,Latin America & Caribbean,1,0,0,284895
HK,East Asia & Pacific,5,1,0,6931868
HM,Sub-Saharan Africa,0,0,0,NA
HN,Latin America & Caribbean,2,0,0,4256201
HR,Europe & Central Asia,6,0,0,3208708
HT,Latin America & Caribbean,0,0,0,3900847
HU,Europe & Central Asia,5,0,0,8265671
ID,East Asia & Pacific,43,259,170,146059763
IM,Europe & Central Asia,0,0,0,NA
IN,South Asia,22,61,32,600446441
IO,Sub-Saharan Africa,0,0,0,NA
IE,Europe & Central Asia,0,1,0,4550428
IR,Middle East & North Africa,6,1,0,73420540
IQ,Middle East & North Africa,5,0,0,24938114
IS,Europe & Central Asia,0,0,0,363015
IL,Middle East & North Africa,5,1,2,7892890
IT,Europe & Central Asia,5,0,0,41938046
JM,Latin America & Caribbean,0,0,0,1918084
JE,Europe & Central Asia,0,0,0,NA
JO,Middle East & North Africa,5,0,1,6913970
JP,East Asia & Pacific,3,6,2,112995146
KZ,Europe & Central Asia,3,0,0,16311260
KE,Sub-Saharan Africa,10,6,1,15335805
KG,Europe & Central Asia,2,0,0,3225058
KH,East Asia & Pacific,12,21,42,5208343
KI,East Asia & Pacific,0,0,0,48060
KN,Latin America & Caribbean,0,0,0,38588
KR,East Asia & Pacific,1,0,0,50032746
KW,Middle East & North Africa,0,0,0,4321463
LA,East Asia & Pacific,16,19,48,2473956
LB,Middle East & North Africa,6,1,0,4762519
LR,Sub-Saharan Africa,12,6,1,1302423
LY,Middle East & North Africa,1,0,0,1082963
LC,Latin America & Caribbean,0,0,0,95538
LI,Europe & Central Asia,2,0,0,37744
LK,South Asia,7,2,0,7600277
LS,Sub-Saharan Africa,2,0,0,969265
LT,Europe & Central Asia,1,0,0,2342390
LU,Europe & Central Asia,2,0,0,622978
LV,Europe & Central Asia,1,1,0,1686484
MO,East Asia & Pacific,3,0,0,595809
MF,Latin America & Caribbean,0,0,0,NA
MA,Middle East & North Africa,4,0,0,30862724
MC,Europe & Central Asia,5,0,0,35977
MD,Europe & Central Asia,3,0,0,2421152
MG,Sub-Saharan Africa,6,9,112,4026982
MV,South Asia,1,2,1,323744
MX,Latin America & Caribbean,7,0,3,90678697
MH,East Asia & Pacific,0,0,0,18268
MK,Europe & Central Asia,5,0,0,1718534
ML,Sub-Saharan Africa,6,2,1,5815387
MT,Middle East & North Africa,0,3,1,447639
MM,East Asia & Pacific,19,4,1,18751542
ME,Europe & Central Asia,5,0,0,488204
MN,East Asia & Pacific,1,0,0,2058963
MP,East Asia & Pacific,2,12,9,0
MZ,Sub-Saharan Africa,6,0,0,5144410
MR,Sub-Saharan Africa,1,0,0,1835431
MS,Latin America & Caribbean,0,0,0,NA
MU,Sub-Saharan Africa,1,12,5,842096
MW,Sub-Saharan Africa,7,6,1,1867867
MY,East Asia & Pacific,17,35,38,29732254
NA,Sub-Saharan Africa,3,0,0,1020531
NC,East Asia & Pacific,6,6,4,233190
NE,Sub-Saharan Africa,3,0,1,2222553
NF,East Asia & Pacific,0,0,0,NA
NG,Sub-Saharan Africa,13,46,26,73956230
NI,Latin America & Caribbean,1,0,0,3053667
NU,East Asia & Pacific,1,4,3,NA
NL,Europe & Central Asia,3,0,0,15923567
NO,Europe & Central Asia,0,0,1,5218441
NP,South Asia,10,8,3,11064432
NR,East Asia & Pacific,0,0,0,7304
NZ,East Asia & Pacific,0,1,0,4630934
OM,Middle East & North Africa,1,0,0,4326686
PK,South Asia,8,10,5,56799184
PA,Latin America & Caribbean,1,0,0,2759146
PN,East Asia & Pacific,0,0,0,NA
PE,Latin America & Caribbean,3,2,4,21731361
PH,East Asia & Pacific,26,71,36,55871109
PW,East Asia & Pacific,1,41,4,5374
PG,East Asia & Pacific,27,6,2,1021696
PL,Europe & Central Asia,4,0,0,31966596
PR,Latin America & Caribbean,0,0,0,2559774
KP,East Asia & Pacific,1,0,0,0
PT,Europe & Central Asia,6,0,0,8059531
PY,Latin America & Caribbean,1,0,0,4895026
PS,Middle East & North Africa,5,0,0,NA
PF,East Asia & Pacific,0,1,0,214808
QA,Middle East & North Africa,0,0,0,2750807
RO,Europe & Central Asia,6,0,0,15253305
RU,Europe & Central Asia,6,0,0,123766963
RW,Sub-Saharan Africa,6,1,0,3483787
SA,Middle East & North Africa,3,2,1,35226770
SD,Sub-Saharan Africa,5,0,0,12621097
SN,Sub-Saharan Africa,8,2,0,7001787
SG,East Asia & Pacific,6,8,0,5437341
GS,Antarctica,0,0,0,NA
SH,Sub-Saharan Africa,0,0,0,NA
SB,East Asia & Pacific,21,1,26,76749
SL,Sub-Saharan Africa,11,2,2,1482115
SV,Latin America & Caribbean,2,0,0,3435919
SM,Europe & Central Asia,4,0,0,20511
SO,Sub-Saharan Africa,1,2,0,297886
PM,North America,0,0,0,NA
RS,Europe & Central Asia,6,0,0,5766328
SS,Sub-Saharan Africa,9,1,0,689405
ST,Sub-Saharan Africa,1,0,9,72154
SR,Latin America & Caribbean,1,0,1,425312
SK,Europe & Central Asia,5,0,0,4906697
SI,Europe & Central Asia,5,0,0,1833911
SE,Europe & Central Asia,1,0,0,9802763
SZ,Sub-Saharan Africa,2,0,0,348873
SX,Latin America & Caribbean,0,0,0,NA
SC,Sub-Saharan Africa,0,45,2,83381
SY,Middle East & North Africa,7,0,0,7432437
TC,Latin America & Caribbean,0,0,0,0
TD,Sub-Saharan Africa,5,0,0,1731049
TG,Sub-Saharan Africa,10,1,1,2026220
TH,East Asia & Pacific,22,26,53,55639332
TJ,Europe & Central Asia,2,0,0,1960046
TM,Europe & Central Asia,4,0,0,1268342
TL,East Asia & Pacific,9,0,0,378299
TO,East Asia & Pacific,2,0,3,43489
TT,Latin America & Caribbean,1,0,7,1043903
TN,Middle East & North Africa,3,0,0,8744277
TR,Europe & Central Asia,7,0,0,65347988
TW,East Asia & Pacific,4,0,0,NA
TZ,Sub-Saharan Africa,9,1,5,13574994
UG,Sub-Saharan Africa,11,5,10,8836517
UA,Europe & Central Asia,3,1,0,32948894
UY,Latin America & Caribbean,0,1,0,2952444
US,North America,7,56,45,305371298
UZ,Europe & Central Asia,3,0,0,23837456
VA,Europe & Central Asia,5,0,0,NA
VC,Latin America & Caribbean,0,0,0,58966
VE,Latin America & Caribbean,5,0,1,18827072
VG,Latin America & Caribbean,0,0,0,23377
VI,Latin America & Caribbean,0,0,2,65575
VN,East Asia & Pacific,22,20,7,67944025
VU,East Asia & Pacific,7,29,5,74652
WF,East Asia & Pacific,1,0,0,NA
WS,East Asia & Pacific,3,7,3,69790
YE,Middle East & North Africa,3,0,0,8024694
ZA,Sub-Saharan Africa,5,0,0,41161350
ZM,Sub-Saharan Africa,9,3,1,3747688
ZW,Sub-Saharan Africa,5,1,0,4591211