"region_un","year","n"
"Africa",1992,1
"Africa",1994,1
"Africa",1995,1
"Africa",1999,1
"Africa",2000,1
"Africa",2003,2
"Africa",2005,2
"Africa",2007,2
"Africa",2008,5
"Africa",2009,4
"Africa",2010,3
"Africa",2011,4
"Africa",2012,11
"Africa",2013,5
"Africa",2014,29
"Africa",2015,17
"Africa",2016,18
"Africa",2017,14
"Africa",2018,16
"Africa",2019,30
"Africa",2020,13
"Africa",2021,22
"Africa",2022,16
"Americas",2009,1
"Americas",2010,2
"Americas",2011,1
"Americas",2012,6
"Americas",2013,6
"Americas",2014,5
"Americas",2015,2
"Americas",2016,4
"Americas",2017,3
"Americas",2018,9
"Americas",2019,18
"Americas",2020,9
"Americas",2021,11
"Americas",2022,6
"Asia",1991,1
"Asia",1993,1
"Asia",1996,2
"Asia",1997,1
"Asia",2000,4
"Asia",2001,1
"Asia",2002,3
"Asia",2003,1
"Asia",2004,1
"Asia",2005,1
"Asia",2006,2
"Asia",2007,2
"Asia",2008,9
"Asia",2009,12
"Asia",2010,12
"Asia",2011,18
"Asia",2012,31
"Asia",2013,59
"Asia",2014,47
"Asia",2015,42
"Asia",2016,31
"Asia",2017,36
"Asia",2018,41
"Asia",2019,44
"Asia",2020,94
"Asia",2021,38
"Asia",2022,29
"Europe",2001,1
"Europe",2002,2
"Europe",2010,1
"Europe",2011,1
"Europe",2012,1
"Europe",2013,1
"Europe",2017,2
"Europe",2018,3
"Europe",2019,2
"Europe",2020,4
"Europe",2021,2
"Oceania",1994,1
"Oceania",2000,3
"Oceania",2001,2
"Oceania",2002,1
"Oceania",2003,2
"Oceania",2004,1
"Oceania",2005,1
"Oceania",2006,1
"Oceania",2007,6
"Oceania",2008,7
"Oceania",2009,4
"Oceania",2010,9
"Oceania",2011,10
"Oceania",2012,11
"Oceania",2013,10
"Oceania",2014,13
"Oceania",2015,18
"Oceania",2016,12
"Oceania",2017,9
"Oceania",2018,7
"Oceania",2019,20
"Oceania",2020,10
"Oceania",2021,8
"Oceania",2022,8
