"Year","n_online","academic_n","Entity","Code","Number.of.Internet.users"
1916,1,0,NA,NA,NA
1917,0,0,NA,NA,NA
1918,0,0,NA,NA,NA
1919,0,0,NA,NA,NA
1920,0,0,NA,NA,NA
1921,0,0,NA,NA,NA
1922,0,0,NA,NA,NA
1923,0,0,NA,NA,NA
1924,0,0,NA,NA,NA
1925,0,0,NA,NA,NA
1926,0,0,NA,NA,NA
1927,1,0,NA,NA,NA
1928,0,0,NA,NA,NA
1929,0,0,NA,NA,NA
1930,0,0,NA,NA,NA
1931,0,0,NA,NA,NA
1932,1,0,NA,NA,NA
1933,0,0,NA,NA,NA
1934,0,0,NA,NA,NA
1935,1,0,NA,NA,NA
1936,0,0,NA,NA,NA
1937,1,0,NA,NA,NA
1938,0,0,NA,NA,NA
1939,2,0,NA,NA,NA
1940,1,0,NA,NA,NA
1941,0,0,NA,NA,NA
1942,0,0,NA,NA,NA
1943,0,0,NA,NA,NA
1944,0,0,NA,NA,NA
1945,1,0,NA,NA,NA
1946,0,0,NA,NA,NA
1947,0,0,NA,NA,NA
1948,1,0,NA,NA,NA
1949,1,0,NA,NA,NA
1950,2,0,NA,NA,NA
1951,0,0,NA,NA,NA
1952,0,0,NA,NA,NA
1953,0,0,NA,NA,NA
1954,0,0,NA,NA,NA
1955,1,0,NA,NA,NA
1956,0,0,NA,NA,NA
1957,0,0,NA,NA,NA
1958,0,0,NA,NA,NA
1959,0,0,NA,NA,NA
1960,0,0,NA,NA,NA
1961,0,3,NA,NA,NA
1962,0,3,NA,NA,NA
1963,0,1,NA,NA,NA
1964,0,3,NA,NA,NA
1965,0,3,NA,NA,NA
1966,0,0,NA,NA,NA
1967,1,0,NA,NA,NA
1968,1,1,NA,NA,NA
1969,0,1,NA,NA,NA
1970,1,5,NA,NA,NA
1971,0,2,NA,NA,NA
1972,0,2,NA,NA,NA
1973,0,1,NA,NA,NA
1974,0,0,NA,NA,NA
1975,1,0,NA,NA,NA
1976,0,0,NA,NA,NA
1977,0,0,NA,NA,NA
1978,0,2,NA,NA,NA
1979,0,1,NA,NA,NA
1980,2,0,NA,NA,NA
1981,0,2,NA,NA,NA
1982,0,3,NA,NA,NA
1983,0,0,NA,NA,NA
1984,4,0,NA,NA,NA
1985,0,1,NA,NA,NA
1986,0,3,NA,NA,NA
1987,1,3,NA,NA,NA
1988,4,0,NA,NA,NA
1989,0,1,NA,NA,NA
1990,3,4,"World","OWID_WRL",2617438
1991,1,2,"World","OWID_WRL",4280727
1992,1,2,"World","OWID_WRL",6885825
1993,1,1,"World","OWID_WRL",9978025
1994,2,3,"World","OWID_WRL",20372971
1995,1,5,"World","OWID_WRL",39137572
1996,2,0,"World","OWID_WRL",77094037
1997,1,0,"World","OWID_WRL",120463190
1998,0,0,"World","OWID_WRL",187786430
1999,1,6,"World","OWID_WRL",280906271
2000,8,2,"World","OWID_WRL",414012675
2001,4,2,"World","OWID_WRL",502048980
2002,6,18,"World","OWID_WRL",664525411
2003,5,2,"World","OWID_WRL",780605617
2004,2,15,"World","OWID_WRL",912780834
2005,4,5,"World","OWID_WRL",1029379295
2006,3,3,"World","OWID_WRL",1160582058
2007,10,9,"World","OWID_WRL",1372292168
2008,21,4,"World","OWID_WRL",1572943471
2009,21,32,"World","OWID_WRL",1770692408
2010,27,13,"World","OWID_WRL",2021152970
2011,34,9,"World","OWID_WRL",2218882121
2012,60,7,"World","OWID_WRL",2426854827
2013,81,71,"World","OWID_WRL",2598607664
2014,94,18,"World","OWID_WRL",2793663749
2015,79,14,"World","OWID_WRL",3004582521
2016,65,40,"World","OWID_WRL",3256215846
2017,64,97,"World","OWID_WRL",3483746104
2018,76,6,"World","OWID_WRL",3795522333
2019,114,16,"World","OWID_WRL",4194081858
2020,130,5,"World","OWID_WRL",4699886462
2021,81,0,NA,NA,NA
2022,59,0,NA,NA,NA
2023,9,0,NA,NA,NA
